Destination Port,Flow Duration,Total Fwd Packets,Fwd Packet Length Max,Flow Bytes/s,Protocol,SYN Flag Count,ACK Flag Count,Fwd Header Length,Label
21,85551,41,509.30443174791367,2228.576263132388,6,2,1,25,DDoS
53,40015,26,1292.9099226481917,3644.894307465005,6,0,5,46,Benign
22,37319,28,1363.9077194103613,144.36539174381778,17,2,6,43,Benign
53,80979,2,451.51150669782294,2988.3245484750164,17,3,3,53,Benign
53,64744,6,1476.106135437072,3105.1292559481576,6,2,5,59,Botnet
443,60379,9,254.0317156706997,3224.672409790084,6,0,6,66,PortScan
22,53128,33,342.92271918361047,1285.9081919062983,17,0,3,98,PortScan
22,226,41,317.12601689513787,3598.858344552821,6,2,7,94,Benign
22,52429,25,1346.285079511412,547.8182830257044,17,1,8,43,Benign
53,27732,48,998.7242008711947,1076.424648687324,17,3,0,84,Benign
21,65410,13,270.55121067229567,4399.603228606961,6,3,6,37,Benign
22,55276,9,688.468956634106,3719.743438560175,6,2,8,63,Benign
53,86166,13,942.182136351213,167.35321465559173,17,1,9,95,Botnet
443,44427,31,171.02292323460577,1317.043675812021,6,0,4,76,Benign
21,69004,41,1329.5037341906411,1150.5917666665064,17,4,1,47,Benign
443,3897,11,1215.225126390226,1426.9510073811657,17,4,9,90,Benign
21,47982,4,782.5498216861255,1313.0428743714433,17,2,5,42,Botnet
53,13818,34,1452.3335921257972,406.3788491399441,6,1,6,53,Benign
80,34660,38,655.7534199488946,2348.8085313244196,17,1,1,30,Benign
21,76689,46,1476.959962602922,3690.3940264522093,17,3,1,54,Botnet
443,22216,4,1018.4839982652593,3072.9854511154385,17,0,9,61,Benign
53,36344,38,970.2733462182151,3397.071176130591,17,1,9,47,Benign
21,1745,19,290.63459817888827,497.63097482757183,17,4,0,97,Benign
80,47623,6,1328.7952495417337,4762.304479866258,17,0,3,43,Benign
80,19356,34,669.860047484892,4208.609985830822,17,0,6,27,PortScan
22,53273,18,285.23843838459504,4044.9425606287473,17,2,8,72,DDoS
22,37530,13,68.28090396485061,4132.620644704661,17,1,2,91,Benign
443,39382,41,861.6457412756547,4670.28148985053,17,2,6,23,Benign
21,63474,23,814.7294520778806,2766.844433957119,17,1,6,24,Benign
21,68344,19,1093.06275243528,1081.3818875513668,6,3,6,68,Benign
22,11794,45,1340.8741768758132,3122.239678477452,17,2,1,49,Benign
21,56364,11,165.1395477323928,3740.119318972901,17,2,5,91,Benign
21,75160,1,1110.6699109935255,3715.7952274347244,17,4,1,82,Benign
80,97516,24,321.7473189414942,2655.1002184177123,6,2,5,66,PortScan
22,57645,7,1294.3567270778879,435.44772473453247,17,1,9,45,Benign
53,39324,25,1237.6420950994013,1918.4533983076265,6,4,2,76,Benign
22,98045,21,834.1509447290393,4611.756381470451,17,2,1,56,Benign
53,13324,15,1079.8520580038016,2963.7996578113875,17,2,5,26,PortScan
80,40838,1,505.80766411643515,2737.826521952996,6,3,1,59,Benign
443,25250,12,733.1934534525813,1417.3822204727483,17,2,4,58,Benign
21,63831,7,1241.3735016801838,1905.3997075912366,6,0,1,81,Benign
80,49788,15,715.9345359011602,4487.195836850529,6,4,2,97,DDoS
21,73609,21,568.8074847218905,3365.668932881495,17,0,2,72,Benign
443,8677,19,766.6080485129348,3958.196431086431,17,4,5,23,PortScan
443,8170,29,1250.9614160339665,2326.29257303151,17,3,5,44,Botnet
80,8766,25,536.0516686877654,3188.2113753351737,17,2,9,26,DDoS
443,57861,33,301.9543100468285,1317.079682841717,6,2,2,47,Benign
53,36468,49,1082.420329479632,3556.758068389083,6,2,2,88,Benign
443,6883,32,1247.6684084267185,2195.246535146353,17,4,0,86,Benign
21,42014,49,195.92434385912333,2268.4730225922535,6,2,6,39,Botnet
21,70607,35,397.81746349611984,3281.67939042672,6,0,7,30,Benign
21,79126,44,255.85938515344117,4687.775045197741,17,2,1,86,Benign
21,67626,38,554.5150467941417,413.6310983822425,6,3,3,26,Benign
53,70935,26,703.0089194128483,4141.241863000338,6,0,9,42,Benign
22,45865,11,1135.7981885967945,1532.6772410197464,17,2,6,80,Benign
80,20056,35,994.1639980784274,2275.205327081251,6,2,7,90,Benign
21,87995,8,950.3464228437252,207.37531099754386,17,1,0,53,Benign
443,46340,46,560.9436725839989,1575.1257813881339,6,4,3,38,PortScan
21,37248,14,1270.098951972902,2562.8930888876394,17,0,5,77,Benign
443,94370,10,733.3663927273386,375.26277900245117,6,1,2,28,Benign
443,4857,2,1469.702160121974,2506.3690739775093,6,3,4,67,Benign
21,19197,46,969.5061005288185,4642.842081406294,17,4,9,60,Benign
53,10495,9,233.08387526852897,616.4267687282456,17,0,8,67,DDoS
443,16341,3,1030.4574650093793,3845.7595675699713,17,2,2,64,Benign
443,27796,21,521.4008223759636,2107.388161542364,17,0,4,44,Benign
21,70580,26,1045.1744351948414,3310.3512011692565,6,2,7,97,Benign
443,46263,8,150.97966483548834,1375.159330127624,6,4,5,44,Botnet
443,19916,48,303.5780839051411,881.5120864526556,6,2,3,38,Benign
21,49940,2,1290.8190254133901,886.2668099290095,17,3,7,58,DDoS
21,52953,6,379.4103576840966,445.4105336514088,6,2,2,98,Benign
80,25017,28,1263.709631602263,1009.6688540160908,6,3,2,99,Benign
53,96831,29,454.9503282588951,3354.6749864459443,17,4,3,46,Benign
53,21666,26,982.1787695851261,4420.283998033189,17,4,8,93,PortScan
443,75552,25,1056.518331589255,4089.215859396693,6,0,4,82,Benign
53,62923,12,793.3493920603267,3457.158118384972,17,3,7,87,Botnet
443,20906,5,492.70048121026036,641.1161307144031,6,3,5,38,Benign
80,75620,34,358.3343457380894,1517.0184868501542,6,1,2,47,Benign
21,1859,48,98.12456411551801,1618.053689080098,17,1,7,97,Benign
21,42049,37,490.72228179904954,1324.789037348344,6,1,8,52,PortScan
21,92474,15,997.0860462703604,2623.5277325776433,17,2,7,29,Benign
53,2582,44,1410.5419867502999,2724.213692910396,17,1,3,49,PortScan
80,24542,36,1313.2464992814255,1848.74127833844,6,3,5,41,Botnet
53,33819,15,1160.7939259761888,1833.5668778085364,6,2,0,22,Botnet
53,58166,43,1193.2486477172831,4159.922429739799,6,4,3,94,Benign
80,93601,48,1014.2281100401931,3967.5349567664593,17,0,7,67,Benign
80,2179,23,427.41594347070435,1608.1995752356536,6,1,0,21,DDoS
80,2817,6,1365.4327945234534,4577.56337497897,17,4,2,95,Benign
80,59776,46,1022.5618522634594,4768.793583312279,17,3,0,73,Benign
21,28052,44,862.6389149216379,1701.0384559472,6,0,8,25,Benign
22,86544,43,210.93473035954756,1836.6822490859688,17,4,1,59,Benign
22,42560,45,698.2305385193168,2577.607351767598,6,0,8,21,Benign
80,90497,21,717.5194932427931,4711.491981415,6,1,3,92,Benign
22,72947,23,1303.6172338078716,4393.965222397326,6,3,1,21,Benign
22,93707,43,842.6399192722932,602.58301665959,6,0,3,93,Benign
80,89206,16,601.580796007094,2024.3806420299395,6,4,9,74,Benign
22,18549,47,1466.360476340456,2811.518829773882,6,1,5,91,Benign
53,33636,15,210.54486032315774,2565.3491155025463,6,1,6,79,Benign
443,64177,25,662.6952210523197,1049.9290328907741,17,4,2,25,Benign
443,38358,36,110.93577899853767,4308.202178723958,6,4,2,38,Benign
80,48402,11,1122.8609751120491,3417.009836684503,17,0,9,46,Benign
21,28965,15,1381.2110006887683,4205.751036773838,17,2,7,20,Benign
80,6745,4,456.0541278482097,4307.944968812414,17,1,4,52,DDoS
21,38100,21,1294.5954313587254,3766.943682962125,6,0,3,59,Benign
443,26837,13,473.7164341697518,2252.131946123615,17,4,6,51,DDoS
80,11585,22,1370.616734383677,3091.6790995755805,17,0,6,88,Benign
53,38665,19,1143.2447602153368,885.7904899867415,6,4,8,36,Benign
22,25622,34,1217.114826420086,3400.862545627048,6,3,8,27,Benign
21,65255,14,76.10950562065902,978.3409531224756,17,4,4,76,Benign
22,55268,4,1446.0750177573377,3500.352993499768,6,4,7,61,Benign
22,52587,48,1103.6729385019687,1225.0309876944464,6,4,9,28,Benign
80,12442,46,491.88908830989334,676.0013707360779,6,2,0,54,Benign
22,40906,27,1252.6222640453282,909.8940017004915,6,4,8,90,Benign
53,48870,29,458.20573770164845,109.7614625734443,17,1,7,98,Benign
22,78723,47,1315.4930673708855,3621.824127482298,6,1,5,72,Botnet
80,99885,28,213.24156609730866,3688.7651403860577,6,0,2,73,Benign
53,75729,35,1070.3446673181538,2623.1734145749715,6,2,2,44,Benign
443,52703,8,834.01279113512,890.6777251713801,17,0,7,86,Benign
22,82074,16,189.97498178338918,509.41625380237974,17,1,4,81,Benign
80,26499,42,400.7460509753165,193.73193554270637,6,1,9,74,PortScan
443,85482,36,67.98585260210645,912.1660671295815,6,3,6,65,Benign
443,81344,30,729.7135499235335,4465.192121417419,17,4,4,43,Benign
21,76634,18,486.8346281020005,1283.5305243382406,6,1,7,65,PortScan
53,55206,2,917.6183522317502,1835.9295033643568,6,0,9,41,Benign
22,30778,49,480.99482117749494,616.1928739585326,17,0,9,30,Benign
80,76318,13,484.8827116851278,1189.5703932660344,6,4,3,67,Botnet
21,63330,4,1127.630138160825,2644.200396823005,6,4,1,27,Benign
53,74155,26,119.8071121686125,3077.9881471686977,17,3,2,58,Benign
21,56473,25,1359.1977430283814,1302.2263394144343,17,2,7,54,Benign
53,31580,30,1285.782617867213,382.8875802030743,6,0,6,68,Benign
53,85330,11,1018.3167906782894,2016.0610587242534,17,4,1,65,Benign
22,68936,7,910.1712766557073,1247.5965175390372,6,0,5,57,PortScan
53,72358,31,1343.8386223024957,1175.8142238260295,6,4,8,27,Benign
21,40086,44,318.72876031663594,4803.327733295931,6,1,3,73,DDoS
53,24260,10,164.50528517670148,3119.872381036048,17,0,8,56,Botnet
22,85695,39,397.28974636883027,2828.70437154327,17,1,1,59,Benign
22,79211,13,1202.138504115276,2137.2980072642777,6,0,1,53,Benign
21,65029,31,100.27188675340082,2201.8272338077068,6,2,8,98,Benign
443,73606,7,895.06991087106,2750.434518806596,17,3,6,36,Botnet
443,35011,49,1493.3843984773994,3512.5060544769253,17,1,6,52,PortScan
53,87227,42,1290.759336064432,3540.5158712909642,17,4,0,66,Benign
80,31921,42,806.0962491132047,941.3001477567029,6,2,5,71,Benign
53,75139,36,142.2793184656314,2550.552485175472,17,0,6,99,Benign
21,60635,20,1255.4915958592792,2118.5946656670994,17,1,5,28,Botnet
21,84558,4,918.5188368569553,4365.582134719983,6,0,5,52,Benign
21,12275,7,216.65284573637192,3193.9527139700444,6,0,1,79,Benign
21,54871,1,186.09306299386648,2709.269925438311,6,0,5,96,PortScan
21,87025,44,1368.958888183059,665.4337466766951,17,3,3,40,Benign
22,66458,45,1020.3403812602137,3067.6256576847163,6,3,8,77,Benign
443,17427,42,1252.4658590092956,674.2991378331437,6,4,0,88,Benign
21,47157,47,1324.5194054092876,1752.3122202721852,6,1,7,29,Benign
80,6250,13,879.0699104700673,799.9256275902261,6,2,4,25,Benign
80,4525,22,800.2972100448098,3491.1608704194077,17,2,0,32,Botnet
80,16132,21,674.1197449654358,1110.6353577971477,6,2,3,84,Benign
80,2298,22,509.57255229712297,2020.1109286213273,17,0,0,39,Benign
22,60600,28,680.1641432451321,4488.806410332016,17,3,5,76,Benign
80,53494,9,1172.1255008087267,1101.1502786549545,17,1,1,65,Benign
21,20179,26,922.7889749719408,2588.244813398018,6,0,4,27,Benign
53,36320,9,1344.1587704345268,2154.431139713508,17,3,6,29,DDoS
80,41974,15,692.9010208498222,188.8078011240757,6,3,1,92,PortScan
22,13959,10,930.2798891421934,3984.5147565067828,6,1,5,86,Benign
22,50560,24,965.3959519833836,438.32494094153867,6,1,5,30,Benign
80,31519,42,907.960885344172,2423.849602787073,17,1,4,31,Benign
53,8805,8,1068.8189709739986,2847.3236452008546,6,0,4,29,Botnet
80,42980,24,394.2785291434691,3179.2896374114766,6,4,2,44,Benign
22,23336,16,792.9274774413965,3474.2949836085904,6,1,9,68,DDoS
443,88055,49,201.12596407210413,1341.0346792613038,17,4,9,68,Benign
21,85614,26,607.5414250849782,148.89600562640192,17,0,1,30,Botnet
22,15458,27,757.1172495008334,3644.8739455390687,17,4,6,81,DDoS
80,99813,37,995.725176340935,2724.717336803135,6,2,0,55,DDoS
21,95014,4,1428.270026249995,4196.9767457155185,17,4,5,58,Benign
80,77018,24,920.944046495116,4124.802978213402,6,1,5,72,Benign
80,14696,19,1128.2111784560118,4232.298222160627,6,0,2,97,Benign
443,33672,36,784.085786268044,2476.9638338997465,17,1,1,75,DDoS
21,78857,39,969.4508454956804,1734.7791396006417,6,2,1,20,Benign
21,1379,10,152.85171339397147,3978.635192697713,17,1,8,75,Botnet
443,63297,25,418.86779222067815,2311.3411538433493,6,1,4,23,PortScan
22,62616,18,574.6869851474511,998.8667623768291,17,1,6,49,Benign
80,7183,19,735.1153647594447,4289.372695851224,6,3,4,31,PortScan
53,17871,36,116.19068097845641,4424.543396184502,6,2,6,54,Benign
80,30075,10,253.03494145231065,2384.9178050868336,6,1,3,96,Benign
80,45748,33,451.3807462973934,470.9286638179586,6,1,7,71,Benign
22,48385,5,1458.7224018065235,2000.3478405929632,6,1,9,50,Benign
80,19163,47,530.4531602994236,4037.3345313667564,17,0,9,87,DDoS
443,67742,49,748.9595342625197,4518.69273987652,6,3,6,71,Benign
443,90193,35,334.34168347066975,1097.0164382382195,17,0,9,99,Benign
21,86243,44,935.631103059864,428.17069892383046,17,3,4,26,Benign
53,37699,34,456.99066249816275,4399.017220350909,17,1,5,41,DDoS
80,52020,33,350.13923873571883,2008.084200996489,6,2,4,94,Benign
80,28629,21,799.0303112466696,2754.62872491106,6,4,6,75,PortScan
22,36054,17,57.98340878261019,4843.522479048719,6,4,1,77,Benign
443,27956,22,61.11284734137672,426.16716677969197,17,1,4,83,Benign
53,2673,48,367.6497731976938,3276.7582365152684,6,0,9,31,Benign
21,78444,37,103.24597562619066,463.11657061684866,6,2,2,26,Benign
443,35467,15,206.63734348950248,1939.797749485852,17,3,8,74,PortScan
21,99708,35,541.3479415411898,4038.691271447889,17,1,5,81,Benign
22,60874,28,1213.7492353907287,2224.0139405026084,17,2,9,92,DDoS
22,23852,7,879.4705328854863,4986.193534124457,17,2,2,96,Benign
80,55129,32,793.3682026368037,2839.390496238351,17,3,6,74,Benign
53,17785,11,475.5587936517764,1673.694547916172,17,2,3,55,Botnet
21,51793,10,1401.0428931775837,1178.5454969332905,6,0,2,43,DDoS
443,56061,9,625.6718097939279,1817.5506180021928,17,0,7,63,Benign
22,77008,14,176.28451185386865,1925.4130414217989,6,0,3,36,Benign
80,74632,13,944.7464483708119,436.6970208474088,6,2,0,21,Benign
80,82094,25,215.06567054107205,1910.9135771911886,6,0,5,32,Benign
21,56233,2,550.5735570624536,2374.768746722202,17,3,9,50,DDoS
22,97525,35,785.7473111408228,3641.414985970143,6,2,0,47,DDoS
53,61368,7,1317.622660793505,3317.974475135879,17,4,4,79,Benign
22,92301,21,765.6425414931721,3572.951710622856,17,2,6,46,Botnet
21,38343,18,1068.2752107459132,140.98204119659977,6,3,5,34,Benign
21,57484,3,1489.584416548652,1166.5702579446265,17,4,1,98,Benign
22,31753,42,240.65922385207335,3342.2530131592966,6,2,3,52,Benign
21,26757,39,448.3607120033033,2471.547904080761,6,0,1,39,Benign
22,40052,41,622.1353096165873,126.03603077489514,17,1,0,61,Benign
443,22280,49,661.6508588813055,4042.0237479159296,6,1,2,31,Benign
22,97532,11,645.9805591350414,3886.766909122653,6,0,2,92,Benign
22,78511,39,1366.0359537070046,2787.2538986684567,6,1,6,42,Benign
21,1722,24,1085.3473344769418,425.6702963037334,17,1,0,91,PortScan
21,48856,46,931.4625604315204,3855.9237427096646,6,0,8,33,Benign
80,40909,19,498.590440901034,2960.196579883683,17,0,5,44,Benign
80,16825,4,1244.4960571208774,3931.6038880739998,17,2,3,96,DDoS
443,61496,26,1434.837741653234,3783.560262739618,6,2,2,50,Botnet
80,51326,38,1240.7375096978285,4034.7101525934017,6,0,2,73,Botnet
22,81282,42,52.26940252763571,2638.2395253826617,17,3,1,24,Benign
21,82665,32,972.7819867659402,787.5901391482234,17,1,1,32,Benign
80,29502,39,124.14630309104605,3388.6716195604745,6,2,9,47,Benign
80,4363,45,423.5304694838967,3140.321546754656,6,1,4,62,Benign
443,96623,46,136.31081550426893,3737.040617275527,17,4,8,66,Botnet
443,46928,36,925.5034067766122,932.416929648603,17,0,1,90,Benign
22,48024,40,1045.5553745642799,1055.378479511417,17,3,1,57,Benign
21,74282,37,216.0070751955624,4463.006634374709,17,4,5,86,Benign
443,93165,33,606.5663804152202,3774.891212415147,17,4,9,81,Benign
80,59152,36,711.5429379855359,4550.319594631582,6,4,1,58,DDoS
21,11764,3,585.1268815533291,3817.7050737032114,17,0,3,56,Benign
21,35837,9,225.48625070352992,3026.060999352479,17,2,5,27,Benign
80,89663,8,657.4742957718394,3305.250411436581,6,0,4,71,Benign
443,29473,33,1139.2081693222062,4456.726827306049,6,2,0,52,Benign
80,36497,6,152.96111357322042,2936.1530971085085,17,4,5,61,Benign
21,86245,41,166.26102041875998,3198.7174892090984,17,4,0,95,Benign
53,38809,39,564.4183731621771,866.7359084176428,6,3,2,46,Benign
53,61220,4,1415.5022818474413,2422.2139785689033,17,2,9,27,DDoS
22,19350,13,1019.4303377482254,3610.345848594685,17,4,4,42,Botnet
80,21272,49,1034.071437175219,1427.6192217501905,6,1,9,83,Botnet
80,11655,2,574.7839867149042,1091.045484570221,17,3,4,39,Botnet
22,87510,5,910.8081472523808,1637.7513602996362,6,0,9,35,Benign
22,78717,44,64.6902168402279,1283.3530771648839,6,3,5,36,Benign
22,53376,27,972.3392672938362,1153.0719214783396,6,1,9,99,Benign
21,57592,32,1374.2660739855432,2181.769130053626,6,2,7,38,PortScan
80,53102,21,938.2315290999878,4548.408718029317,17,0,4,27,Botnet
21,89699,8,1316.8629605262004,2584.5922690197194,6,0,0,57,PortScan
22,72455,38,1099.760930425836,1020.8098659950829,17,2,4,57,Benign
80,91348,8,224.80970378535085,477.161179966283,17,3,2,72,Botnet
21,24862,3,1358.5572955644705,3511.1651111758338,17,4,3,50,Benign
21,11146,44,146.34357431587358,1975.7139457383003,17,3,7,63,Benign
22,97099,3,824.2528351942575,4126.97163826826,17,1,6,79,Benign
80,28869,22,256.0988295005136,3331.602766339774,6,4,4,95,Benign
22,53402,6,66.97458555981089,4001.5831076527056,6,3,1,36,Benign
80,23250,2,661.9496771850766,1432.5355931503989,6,2,5,98,Benign
53,68347,23,477.80902609852654,3492.558720059185,6,1,5,92,Benign
443,4953,44,754.7007160065244,1393.903724999222,17,1,9,58,Benign
443,94713,2,886.9398357650987,4701.435549306429,6,1,9,61,PortScan
443,89499,38,113.42165484797367,3218.2339795135345,17,4,5,67,Benign
22,21892,17,228.35477792943118,1690.1078208591762,17,0,8,31,Benign
53,59229,35,860.0314748531167,1420.608125232136,6,4,7,37,PortScan
80,74578,34,547.5926621003545,1035.5402668510533,6,3,7,98,Botnet
21,67398,23,1107.3015569466995,3503.7406985792663,6,0,0,25,Benign
80,32087,30,995.8228904583125,1171.7065036898437,6,3,4,62,Benign
21,15950,8,1276.1263263353649,3016.986003044696,17,0,6,54,Benign
80,12212,22,1054.1145986703768,1396.711631934251,17,4,5,73,Benign
53,24158,44,673.4000622157148,3343.647829489956,6,1,4,81,Benign
21,45520,36,1025.8016024719268,4093.204669848642,17,2,7,88,PortScan
22,38990,5,449.30270267035684,3912.3236914088006,17,1,2,35,Benign
80,66117,13,494.15457322840837,3828.1715215608306,17,4,5,27,PortScan
80,47404,29,1194.0284818851503,1019.8397878920351,6,0,4,50,PortScan
21,33021,31,697.3082987822942,533.0862402241416,17,1,7,29,Botnet
22,1624,47,1207.651493751611,3524.8492595881894,6,4,3,75,Benign
22,15148,16,1242.5124418190037,1904.9013475923214,6,3,7,95,Botnet
53,35211,42,1293.4653896088614,2218.4965093764017,17,2,9,89,Benign
22,38004,30,1379.1210919697505,252.6305546876162,17,1,1,39,Benign
22,55012,16,674.9285697442796,1371.924601447741,6,0,8,24,Benign
22,34108,12,512.3568865656514,265.0143789848737,17,3,8,42,Benign
443,160,17,894.188182561465,4408.010285746113,17,4,9,28,DDoS
53,74766,16,588.20001398456,1292.6437477707993,6,2,9,77,Benign
80,83659,12,921.5575418603378,2830.9521309077395,6,0,5,78,Benign
21,55437,8,1073.0995008335458,290.998671239539,6,4,3,99,Benign
80,13450,20,1048.1872768135986,3367.5522173977247,6,4,3,73,Benign
53,24454,3,593.101686179176,1682.8339941950599,17,1,5,65,Benign
21,45286,16,291.9472924631916,4499.804016092562,17,1,4,41,PortScan
53,28245,30,674.2675407702009,4451.779125776776,6,0,5,83,Benign
22,34120,45,256.7615089187677,1693.924029972564,6,4,6,27,Benign
21,86223,23,1340.6407010165221,4514.708388883293,6,1,6,39,Benign
22,75286,28,551.5223180698932,4981.1726001440165,17,2,8,70,Benign
80,85569,40,273.96663347381946,4144.536754207345,6,2,7,97,Benign
80,20681,5,86.89925186333878,4239.869604000622,17,4,5,58,Benign
21,89029,20,986.4424601154021,1320.1428069345407,6,1,5,56,Botnet
21,23151,40,973.5083603093777,2925.841754403006,6,0,4,69,Benign
53,51574,44,543.8760415428729,429.55397844010247,6,0,0,53,Benign
53,91848,1,153.98223882909394,565.0978904261816,17,0,8,94,Benign
22,69726,30,643.9618975980865,4994.573798963124,17,2,8,52,PortScan
21,7060,21,501.2653678419207,1700.5323221869635,17,1,8,50,Benign
80,35872,20,1031.8249276157635,3766.101169039347,6,1,7,73,Benign
53,21620,6,928.379911706401,4052.658759831401,17,2,9,63,DDoS
53,49581,22,578.6609058864329,4304.314027935423,17,0,2,53,Benign
80,36508,18,365.94420366973566,4988.378657270567,6,0,0,90,Benign
53,94106,8,1482.652150925608,1283.3327777586524,6,4,7,81,Benign
22,57234,39,708.3023507343665,297.7190516125286,17,3,6,42,Benign
21,20591,32,1047.9976418813437,2114.8384381734713,17,1,4,65,Benign
80,1441,33,253.80180298862314,737.3952821618401,17,1,9,75,Benign
21,44723,16,754.1050645061268,209.8868568940701,17,1,6,26,Benign
53,90427,12,89.92824381072495,1866.091452993282,6,3,9,80,Benign
53,438,38,782.9099209701524,3940.3174302686584,6,4,3,22,Benign
80,71531,34,1447.8252403206684,2874.285387002847,6,3,8,57,Botnet
22,12354,14,607.0997338294103,1632.612147130735,17,0,9,53,PortScan
443,51960,36,106.54421823362179,3306.2758269143264,17,0,1,63,DDoS
80,11444,33,94.88589683304812,1236.8890835131724,6,1,8,49,Benign
443,1850,23,612.5808019229607,170.46908575321663,6,2,8,36,Benign
443,54856,45,282.03615787163136,3845.331593538494,17,1,4,78,Benign
22,68057,2,83.86053967586957,3156.3411158336444,17,2,0,29,Benign
443,58153,41,1146.5097402277563,3835.282860054704,6,3,6,37,Botnet
443,70955,21,714.8583628787414,290.79628176956146,6,0,9,64,Benign
22,15996,2,469.4049193603491,4201.886176370196,6,2,9,78,Benign
443,55861,27,1355.120615373897,3135.678380177886,17,3,3,81,Benign
443,62652,9,218.40149229076212,2860.6372184919364,17,0,8,78,Benign
443,77554,1,1436.0823019852128,3160.608835761205,17,2,5,68,Benign
80,90700,11,505.2517401971616,4335.722909654984,17,1,2,82,Benign
80,28035,3,1338.1853248475877,2975.9888821386444,17,1,5,51,Benign
80,37741,23,924.2671708952192,2946.656861452079,17,1,9,29,PortScan
22,29811,26,1248.7256716251568,4954.327869622252,6,3,5,30,Benign
53,70442,4,1476.8190866551731,3807.977818635983,6,1,4,89,Botnet
443,12282,18,468.1878848371813,2267.2396467105627,17,4,1,81,PortScan
443,87933,6,1443.6464538410098,3566.2453001613458,6,0,9,66,Benign
22,56376,35,614.7487476085095,2007.2293112897635,17,3,9,53,DDoS
443,19641,22,608.9922618685374,1221.489766169145,6,1,1,36,Benign
80,94557,43,543.5613011690332,3024.574196750021,17,0,6,73,Botnet
53,82410,15,835.0410306539985,4648.092280758362,6,2,1,95,Benign
21,44913,22,273.5103126088063,4652.783648075768,6,1,5,59,Benign
443,37298,37,852.8816537691162,1775.3358627169025,17,0,4,38,Benign
80,8920,42,835.4719779945058,2685.6195844863055,17,4,3,86,Benign
21,24170,12,1154.7576282770615,1137.01590299232,6,2,6,72,Botnet
53,69868,47,1258.792444809499,4978.592436544529,6,4,7,83,Benign
21,11222,49,688.6399579530149,4907.477748552885,17,0,3,66,Benign
80,80659,42,488.38321155966594,3282.593755566492,6,4,0,25,Benign
21,73643,38,426.03560110978697,4041.6288924196197,17,0,0,35,Botnet
22,83541,18,332.2045632220643,3603.99079029013,17,0,0,91,Benign
21,41886,45,133.58899418858607,3006.4752732933944,6,4,0,37,Benign
443,95034,35,546.5495693103344,361.4051852455987,17,0,4,71,Benign
443,99904,30,441.8591535896357,2328.3452785080394,6,1,3,67,DDoS
22,6837,24,1451.3052095062906,3406.4528806203116,6,0,8,62,Benign
80,36162,42,858.6777980625637,3419.9049080300547,17,3,2,58,Benign
443,54337,30,553.551706594236,1928.3008302696796,6,0,6,68,Benign
53,51671,14,891.6780214408592,4714.29073462435,17,3,7,31,DDoS
443,25610,6,251.83521695125847,920.0494579602268,17,0,5,29,Benign
443,19526,3,693.8634363431942,2551.761286456247,17,0,9,90,Benign
80,37365,16,958.0397660605425,3485.331485099032,6,4,0,74,Benign
21,17950,7,758.9018560990545,3515.965448869865,17,1,7,20,PortScan
443,66250,14,632.5792609487702,3278.330888167196,6,1,9,68,Botnet
22,87412,9,1491.0801639045624,1448.9122459141147,17,2,2,55,Benign
21,89713,15,1326.456405115944,865.4121865644477,17,4,7,40,Benign
53,75010,21,953.9386393311881,3216.107601450883,17,4,3,56,Benign
80,52475,35,875.59717371431,3036.580369083245,6,1,7,43,Benign
53,35535,2,949.9576957456469,978.8444504172808,6,4,0,74,Benign
21,96543,27,341.9025563425282,3555.1818132957605,17,1,2,44,Benign
21,57232,2,622.949727733262,2330.342759494916,17,4,5,26,Benign
21,79045,35,107.21632269180401,3372.0268988554494,6,0,8,90,Botnet
53,82150,18,739.5417543558987,4203.098690873739,6,1,1,90,Benign
21,95502,14,837.3856467386116,931.6693000269235,6,1,0,43,Benign
53,3083,20,380.2371173496539,193.80985318449973,17,3,9,30,Benign
21,97341,18,1447.8418283899948,3917.602673339355,6,4,2,92,Benign
22,20762,10,1368.7091858590009,3087.517383247818,17,4,3,31,Benign
21,23610,25,1097.1076914110636,3528.233891148396,6,1,4,54,Benign
53,78287,2,823.4106117097757,4206.959377444348,17,0,2,82,Benign
443,41098,25,1311.455281489143,4033.7735806400524,17,0,9,87,DDoS
21,56946,33,239.44589854402122,4808.508719951241,17,0,1,76,Botnet
443,94171,36,1196.2392016985832,2726.0818863753793,6,4,1,32,Benign
22,6740,31,230.99018025193004,2493.6286000335363,6,3,6,42,Benign
80,44647,14,1201.605460696638,2069.2472794645773,6,1,8,58,Benign
22,54720,1,449.8629739644676,853.0861099366023,17,2,9,99,Benign
21,15417,46,1321.781342476374,2905.77544112191,17,3,1,31,Benign
443,7664,16,1418.861036046827,1457.361369197296,6,2,6,53,DDoS
443,27445,46,265.7541556374177,4614.40680984358,17,3,6,90,Botnet
53,94323,3,720.8796273448206,2957.6349409577783,17,0,6,94,Botnet
443,79373,35,1472.4316983358933,3004.91688448974,17,4,2,50,Benign
53,74959,41,750.9407821610625,1839.130838297349,6,2,6,81,PortScan
80,80865,6,1302.1439076460904,354.7478246907667,17,3,0,32,DDoS
21,74138,25,903.6607070904138,255.54445032764423,6,4,9,50,Benign
53,52493,13,594.2283664834227,2174.3422063506678,6,2,0,21,Benign
80,66181,34,464.3861555125118,514.3703526764655,6,1,4,34,PortScan
443,29530,8,344.67348207482655,3073.5500821466817,6,3,1,76,Benign
443,75632,21,1154.607377497661,4416.767727634321,6,1,8,94,Benign
80,27888,34,610.4837348933904,4426.282600941739,17,0,6,53,Benign
443,95605,4,791.3494201910892,3329.3225096479387,6,1,3,87,Benign
80,48643,25,763.8719460017138,1135.0359742173619,6,1,3,94,Benign
53,14019,15,887.0545923880403,4328.6844736584735,6,3,1,48,Botnet
53,69446,4,1305.0868611556007,4441.85783303472,17,0,4,85,Benign
80,96222,45,1472.0720481959727,1063.6025662694976,17,1,3,35,Benign
53,40074,12,640.9971024320346,3713.3878202763185,17,4,0,58,Benign
53,16471,32,1249.9024370541395,1503.9457897429024,17,2,7,96,Benign
53,45184,32,1158.5653022493407,4032.937530529355,6,1,2,56,Benign
22,29729,28,881.6169796105812,4986.465709527653,6,0,5,40,Benign
21,51284,13,1436.268358237303,247.1274261140248,17,1,3,63,Benign
443,62016,31,340.68804751618404,4497.092742375567,17,2,8,38,Benign
22,74072,14,208.43310494895104,3150.8896146334246,17,0,6,90,Benign
53,62287,20,1288.244852085362,4869.5748339076235,17,3,8,27,Benign
80,13084,18,686.767234118935,2378.546635879495,6,0,9,96,Benign
53,33139,29,1278.1048386002376,4252.200859799731,17,3,2,85,Benign
21,85531,6,1344.9807975333517,405.73093613155845,17,0,0,60,Botnet
53,83791,32,140.5635107476536,1742.867345383649,17,2,4,94,Benign
80,58706,29,1331.023906329788,428.38103498092886,17,2,2,89,Benign
21,10716,43,700.0626302856622,4879.181354047446,17,0,5,80,Benign
53,50172,2,790.1271090561368,4103.172145632,17,1,7,45,Benign
21,24674,23,958.5591410851548,4277.482364105255,17,2,3,90,Botnet
443,3530,19,1393.2547797586258,4696.029634026082,6,3,4,89,Benign
443,12776,31,77.71833692315784,517.0070819869482,6,3,4,48,Benign
53,10916,5,741.4230290608348,1989.4282033153336,6,4,3,85,Benign
21,32833,19,1047.1969615243129,448.07095631561043,6,3,3,38,Benign
80,85780,34,1097.9250886624313,1132.8861975951402,6,4,3,87,PortScan
53,2150,10,1054.1720257288066,1223.8923074845945,6,0,3,77,Benign
443,34033,25,244.9309376417767,2398.6253341331358,17,0,3,89,Benign
443,25051,2,484.12360313893777,1415.9546205228487,17,0,4,76,Benign
53,32513,11,570.1375118546695,594.7927234070294,6,1,1,56,Benign
21,34901,31,1216.4339511352823,920.7063365611277,17,1,1,80,PortScan
443,55719,15,454.20181500110186,821.6502614052455,6,4,8,49,Benign
21,33013,9,355.5221976074446,4868.076309770262,17,3,1,90,Benign
443,40700,23,1438.2996276052395,3820.5332839005205,17,3,5,92,Benign
443,57875,19,62.851763414529906,4842.031179820854,17,0,1,44,Benign
22,90916,9,1496.8402407388685,2254.728383888752,17,2,4,84,Benign
443,90193,35,1031.3908833432238,1464.0055601470174,17,1,3,25,Benign
80,35500,21,1251.2804842012197,4011.6366663250146,17,1,6,37,Benign
53,4594,9,477.1981247019801,1698.6441984016192,6,0,6,29,Benign
53,80788,28,70.75715261723697,1566.9785311562066,6,1,5,30,Benign
21,89531,46,1119.9108019142186,1239.2793618183728,17,0,9,84,Botnet
443,74791,7,1259.50966565098,735.4269932987532,6,4,4,96,Benign
80,97519,16,1123.6903913326028,1356.6689989821532,17,3,0,84,Benign
21,43101,16,257.13291658621597,1841.0667675220498,6,2,2,71,Benign
22,67464,33,1142.4704872726052,3402.571619914079,17,3,8,86,Benign
21,45128,4,1164.9380340560795,406.5677268753127,6,3,0,97,Benign
21,97759,4,1004.8837477215795,1131.4840043601805,17,4,4,50,PortScan
443,37673,39,1160.8681025536,4064.2158374292144,6,1,1,36,Benign
22,906,40,1276.5860875327116,819.9174255604768,17,2,3,74,Benign
21,56738,17,939.7259656443147,1778.9612179603555,6,1,0,55,Benign
80,29857,37,178.47683525603463,4336.828717104886,17,3,2,45,Benign
80,34736,39,757.0603240174557,859.134024602869,17,0,9,72,Benign
53,80197,29,162.59153527382733,505.4104945291305,17,3,6,36,DDoS
22,48380,36,640.9373949970247,2474.236175892053,6,1,9,44,Benign
22,24362,38,640.3044092321601,1581.8556052648282,6,3,2,21,Benign
53,80535,39,145.71427400335028,2860.700985970885,6,0,3,24,Benign
21,62311,37,555.789774255745,4038.6439633690284,17,4,1,23,Benign
22,54942,35,210.9472432474065,772.0275919484415,6,1,2,55,Benign
80,57079,7,1221.9410545133721,2945.425514315996,17,3,8,25,Benign
80,81570,27,1424.1476376484827,2576.9929259103333,6,1,2,40,Benign
443,38297,28,154.85888912401097,805.9860514646779,6,4,4,96,Benign
22,41944,22,1434.9170505729671,3157.5925790920137,6,3,1,45,Benign
21,64854,14,807.7360690382804,1440.838047517781,6,3,3,74,Benign
53,34257,7,484.37023303311713,2490.388160865661,17,1,6,58,Benign
53,77229,37,161.4500091504371,503.1343889576032,6,1,6,52,Benign
21,40142,22,775.9051887021059,2351.961880346753,6,0,2,33,Benign
443,61765,5,1202.0475395115857,1601.6709934098196,17,4,4,75,Benign
53,82956,2,1075.2753920367122,4129.667934808236,17,0,0,40,Benign
22,27476,27,122.82771662276195,379.19576228710457,6,3,9,65,PortScan
443,55654,21,155.70766128346008,2151.1756470998166,6,1,9,35,Benign
22,14299,38,634.1662598173239,2346.313978244046,17,3,9,35,Benign
80,81512,15,478.17121636951777,3652.529773865682,17,3,0,48,Benign
443,51048,21,386.95726843126937,2914.0091179420338,17,2,4,27,Benign
53,73881,10,457.45652341763474,3369.340452251487,6,2,9,22,Benign
443,72850,23,1215.0499777804828,3907.541499693605,6,3,8,38,Benign
443,66362,39,1397.3806777661882,4324.794570925125,6,1,0,85,Benign
443,46700,5,637.3989070649714,1637.9899339401054,17,3,0,98,Benign
443,76998,1,1363.8609530921208,2736.3112562831243,17,2,3,93,Benign
22,62583,13,516.1687668094289,4216.52958435208,17,1,3,41,DDoS
80,18397,21,740.8336301984979,4948.310541728776,6,3,1,65,Benign
21,30548,26,377.7420468331996,4458.6446241144395,17,4,8,32,Benign
443,26272,45,978.6902611549738,1920.1895868594463,6,4,8,52,Benign
53,42974,21,1469.522617003473,1056.315934371387,17,3,1,24,Benign
443,7757,18,925.0649892628991,2498.0234332922846,6,1,8,96,Benign
53,84486,37,568.8304219646459,3734.043113996607,6,3,5,46,Benign
22,25525,45,989.3352966862661,2513.588446691158,17,3,7,97,Benign
53,26785,32,228.23498377481198,2467.5862302369756,6,2,9,43,Benign
21,24678,36,1338.555666384828,4207.329063300823,17,4,3,86,PortScan
80,28931,17,779.4717286307628,1870.8785174292132,6,2,1,82,Botnet
53,8006,35,701.557125957481,4312.993906577063,17,2,1,67,Benign
53,61513,49,899.5039432576028,2093.3435246634454,17,3,8,82,Benign
80,54128,11,955.9366010446336,1708.3422178238632,6,2,0,97,Benign
21,7387,21,154.0749190284439,2324.550564878525,17,4,6,31,Benign
443,33760,26,1039.7949707739335,3835.9900975068554,6,2,2,47,Benign
53,75858,4,400.8009364575179,717.409936533572,17,4,2,63,Benign
80,60604,34,1085.2313171345552,1062.454157772885,17,2,1,62,Botnet
22,59820,48,1242.6754518570854,4762.079645749151,17,4,9,36,Benign
80,34801,18,1215.7398359511544,959.9089741686512,17,2,5,59,Benign
22,83400,40,851.1264027414393,2881.8638578621676,6,2,9,68,Benign
21,17774,35,804.2463438505891,2938.6408866434954,17,1,1,76,PortScan
443,83660,41,257.170143942147,2499.1598640461993,17,4,9,83,Benign
80,23974,29,1174.2519180845466,3259.2517180264113,6,4,3,94,Benign
53,43742,29,443.54360164773584,1226.1509564083303,6,4,9,76,Benign
21,97920,38,770.2083630860225,2808.0451121060664,6,0,8,93,PortScan
80,65260,42,462.1974347448992,1923.648950709796,6,2,8,93,Benign
53,17702,21,244.05112634955506,3342.1695721830265,6,4,5,89,PortScan
80,88901,42,962.8586604930181,791.9953625284323,6,0,3,95,Benign
22,26031,13,128.78145049321057,2897.2993425134337,17,1,6,62,Benign
80,94477,49,1135.53558948299,1007.8247413782861,6,4,0,42,Benign
80,29292,41,510.50085312861916,1465.3510092636784,17,4,3,46,Benign
80,46642,17,50.19530485650371,1171.6780215855579,6,0,4,77,Benign
21,42620,9,791.1372518939833,995.9051213572038,17,2,7,56,PortScan
80,64872,41,117.93526736502453,4145.983662647268,17,1,1,25,Benign
53,58862,1,450.44585884030425,1499.9670815383627,17,4,4,84,Benign
22,50206,2,1075.1159068107884,4642.906531135802,6,2,5,25,Benign
22,81221,48,140.8999513517055,4852.639974191436,6,1,4,69,Benign
80,25659,29,1267.0408139162034,2899.176302691777,6,3,8,41,Benign
21,33842,33,55.53888785494551,800.7055010620594,6,3,9,44,Benign
21,69769,10,407.89461034275826,1935.2863925599481,17,1,0,98,Benign
53,80299,40,1124.3108814205036,4008.8880904062485,6,0,2,91,Benign
80,21854,21,508.59171710749484,1900.2145706156452,17,1,1,70,Botnet
22,4072,28,197.7439626957196,526.3843696836648,17,1,2,67,Benign
21,70931,11,572.3391822606204,2828.2460635481207,6,0,9,89,PortScan
80,41973,34,442.070265257562,4241.09217233057,6,0,8,84,Benign
21,94761,8,1271.9322581328047,4000.0392970031617,6,2,8,79,Benign
21,10003,22,504.3544804984575,958.1033866387309,17,2,9,65,Benign
22,3120,8,1193.9520840752105,3396.546610621087,6,0,1,55,Benign
443,41855,49,1343.2146099755653,1180.4708908346709,17,3,2,77,PortScan
53,86056,15,679.0352583859678,1169.2169193056438,6,3,3,95,Benign
53,87088,17,1369.4175585888684,4382.951689195407,17,1,8,57,Benign
22,45748,23,597.1111782466296,1323.3778684271279,6,4,2,30,PortScan
21,9616,24,1447.9137039106567,1389.911997938255,6,1,6,31,Benign
80,2496,45,179.46981056208074,103.20161473036782,17,1,2,61,Benign
21,84182,19,1046.177936429702,4366.278267215037,6,4,6,58,Benign
22,19229,5,766.0303586625465,3983.7145847247602,6,0,6,90,PortScan
53,1691,32,612.0907679106882,3173.9117819443222,6,3,8,30,Benign
21,11403,44,967.4322241854713,3776.302243300327,6,1,1,55,Benign
53,30661,1,1070.5927828697802,845.0379803800098,6,4,5,71,Benign
80,71819,23,56.326740992948174,2345.7856134791195,6,2,8,50,Botnet
53,92208,37,292.08197868343814,1820.9749980090264,6,1,1,52,Benign
53,99716,8,1083.9167734197622,559.5049786593809,17,3,1,32,Benign
443,86331,13,1016.2588496883993,2482.039377553128,17,0,4,37,Benign
443,7414,8,1450.7688824365819,4611.624286678913,6,1,9,60,Botnet
443,19723,23,1153.5047958636353,296.28968334840295,6,1,9,77,PortScan
53,67775,43,1428.6204262104402,1528.15847611959,6,4,9,75,Botnet
22,96926,1,1068.6837272254702,1116.9505874079468,17,2,7,43,Benign
53,65182,45,482.1757025271926,1266.918602961912,17,2,8,92,Benign
22,83724,24,202.7791372637419,4551.329304208939,6,0,1,50,Benign
22,33230,35,1183.6446018501565,2393.5383657480215,17,3,4,74,PortScan
443,51856,24,984.016371140078,2384.867123405112,6,0,6,29,Benign
21,97724,17,119.86971797027954,3826.820648030883,6,1,5,79,Benign
80,26392,5,572.0731755564186,857.0117996241364,6,1,5,21,DDoS
443,86306,20,1437.359732452215,2487.600235090249,6,2,6,34,Benign
443,69374,21,775.5816612797918,2206.9275491931926,17,3,2,22,Benign
21,2569,40,677.4572472285718,3024.862383678615,17,4,2,62,Benign
80,54047,31,713.6644274809763,4997.832745927149,6,3,9,50,Benign
53,22634,46,352.8799498074874,3870.2995810020307,17,1,8,89,DDoS
53,63720,36,584.625397753953,2049.5419447853933,17,4,7,86,Benign
443,48974,11,586.2292211814062,4155.009956142831,6,3,4,75,Benign
80,49808,15,125.91477927183499,936.4709802311529,17,3,5,82,Benign
443,74653,19,1162.9730613509814,249.27206291390462,6,4,9,94,Benign
22,68444,7,653.9314262606246,1101.7970250749381,6,1,0,34,Benign
443,49238,28,1242.1608358838137,1768.0166249598724,6,3,9,29,Benign
443,54402,43,1283.0046016238484,2601.8457115518436,6,4,0,57,Benign
53,47738,5,357.3913793130542,3114.1327886518793,17,1,3,66,Benign
53,78349,5,1003.1625491466864,4561.968014350667,6,4,1,76,Benign
53,2819,30,734.8086160363234,2598.2846467972427,17,4,6,69,Benign
22,22990,32,1326.2272699861533,2556.250658666074,6,3,1,90,PortScan
53,77336,8,362.82398480585846,346.19074813261244,6,1,9,34,DDoS
80,36609,10,1032.829140449564,271.0666080154966,17,3,1,37,DDoS
21,42634,38,931.2405772664478,2800.683813390223,6,0,4,21,Benign
80,92341,47,478.18714247915756,2247.075204916888,17,0,3,62,Benign
80,18887,32,248.0713102942003,4211.983935403463,17,1,7,45,Benign
53,48945,48,994.877652692051,887.3299650880414,6,4,3,90,Benign
21,58032,28,1120.9663142918796,222.36114437354303,6,3,5,57,Benign
21,92224,17,507.6596484568575,2300.289962857617,6,3,4,61,Benign
21,91759,31,985.007275832355,1263.6449280860618,6,1,1,24,Botnet
22,33162,8,622.9398160366798,343.1104293603035,6,1,7,30,Benign
53,75813,40,1084.1499807597957,3650.5316055533817,6,0,1,84,Benign
21,87363,25,338.862148596377,646.8056997905127,17,2,8,53,DDoS
22,95856,9,1340.8117538224528,3080.765550038081,17,1,8,20,Benign
443,60561,2,466.7439148750906,1477.143775817757,6,2,2,21,PortScan
443,75518,15,583.2896822464216,950.1306467396079,17,1,3,39,DDoS
22,66772,3,134.23333051650718,1960.7824623046556,17,4,7,80,Botnet
22,34932,49,211.69270786585076,4027.084303492473,6,4,8,40,Benign
53,32066,36,797.9997589328758,2021.2585268324062,6,0,2,87,Benign
53,72645,4,438.00938125555865,3778.771281134173,17,0,4,31,Benign
443,13087,14,1261.4463273261817,714.8828543158384,6,2,7,41,Benign
21,37411,41,71.30541354968307,3886.5799563588876,17,1,2,39,Benign
443,31675,41,599.6863705743075,1260.9732920425784,6,3,6,20,Benign
21,63952,25,539.1510428151844,3419.2263364554765,17,0,7,49,Benign
21,1107,10,78.0250648305215,2872.329618720882,17,3,9,43,Benign
53,71081,21,230.3341785507398,4652.809114337268,17,3,2,33,PortScan
80,76342,36,649.7818786320212,1997.8803380790387,17,1,1,55,DDoS
80,47617,12,764.6536474487976,424.2094252887582,6,2,9,88,Benign
22,29357,27,636.2201335195602,193.86187920113923,6,1,6,94,Benign
53,87372,40,819.8596336975361,4151.60694876649,17,0,8,43,DDoS
21,42307,2,912.9409286132383,2671.2046245410174,17,3,0,79,Benign
80,13381,13,64.38954063536167,3898.6958539912516,6,1,2,74,PortScan
21,61346,32,722.9379812075806,1248.685440056422,6,1,4,96,Botnet
80,1535,31,1447.073899287003,1790.9103530148452,17,1,2,99,Benign
80,98975,16,802.5968061878457,247.5089738354628,17,0,0,43,PortScan
80,91457,32,1032.436287815482,4811.31239041315,17,2,6,96,Benign
53,26760,32,502.20259397948064,3372.5527428339856,17,1,6,43,Benign
443,5184,34,1172.2874983215056,4672.704930020601,17,0,9,73,Benign
21,82297,11,1170.7361487203668,1400.9323964024543,6,3,7,45,Benign
53,13607,10,805.8792690985015,3096.171695005738,17,4,4,85,DDoS
53,72695,15,1465.2200437548597,3424.649844633925,6,0,9,99,Benign
53,83907,17,232.0478114058474,1655.9935312621833,6,4,4,57,Benign
53,45639,40,74.57411408989245,4255.735251576587,6,1,4,84,Benign
53,7591,18,1166.7294070477892,4741.091168211215,17,1,0,94,DDoS
22,50292,9,1220.3755291790796,4435.790076710421,6,0,9,70,Botnet
21,80495,25,224.30048222483555,3721.4281821029253,6,4,4,54,DDoS
53,63988,40,435.0951077899788,1459.5769306522748,6,1,5,62,Benign
21,73709,14,75.45092688161192,1479.9186063175955,6,3,0,48,Benign
22,9177,25,475.2974856318188,4820.465570185585,17,2,6,56,Benign
22,21053,22,1171.0557171820737,150.39403008489094,17,2,0,77,Benign
21,77019,30,801.0427651832395,3608.644868886508,6,1,1,73,Benign
80,67989,20,554.7386100940178,3560.6061965207846,6,4,1,58,Benign
443,23921,21,589.0219776141789,3151.1787506540077,17,1,4,61,Benign
80,37667,44,51.96275728742882,4951.533345825643,17,4,9,47,DDoS
80,24960,32,484.71076496959205,1628.2092352422537,17,3,6,48,Benign
80,21295,46,987.3651753749992,1765.862132586916,6,4,0,62,Benign
53,77575,49,1462.5819435337178,486.80307443812217,17,1,9,22,Benign
22,90974,21,1278.2381991266543,2269.7108690643136,6,3,0,29,PortScan
80,87366,35,84.21269873601723,1379.1377785507557,6,0,0,78,DDoS
22,21527,32,1352.912876778517,1782.5948406704567,17,2,5,33,PortScan
21,27183,30,1185.6376992830076,4189.401772252575,6,1,1,95,Benign
443,87146,39,1181.5453791779216,4683.874116284729,17,1,0,66,Botnet
21,57472,49,714.0938505551786,1010.0920528254096,6,1,5,61,Benign
21,44164,12,627.1076747840291,1925.2937646119829,17,3,1,51,Benign
53,7913,41,489.2278068081293,4650.289754365431,6,0,5,51,Botnet
443,31698,47,145.25754548383037,402.8614573771909,6,4,9,61,Benign
21,93206,18,380.9412770658637,552.5665877457548,17,0,7,51,Benign
21,27182,21,407.5752707181357,897.6758471105239,17,3,1,45,Benign
443,29341,13,751.9117510797923,3016.542887221686,17,1,8,20,Benign
443,96314,21,1133.7943895652063,837.3141279293876,17,2,7,75,Botnet
21,44669,8,737.0242511770226,4843.574269108594,6,1,9,21,Benign
443,11845,46,133.87445169838287,2288.9011835667498,17,4,0,49,Benign
21,26129,40,1438.7952114328957,2557.438005715815,17,2,6,90,Benign
21,13125,46,1416.9502626864628,1308.6272174464918,6,1,9,71,Benign
53,14388,7,1188.5248375651922,2407.705236930194,17,2,5,28,Benign
80,89286,23,1487.4254572681198,3343.3767999213565,17,0,5,41,Benign
21,6640,44,839.4993825603813,3780.7679710748093,6,3,5,53,Benign
22,97868,32,1446.0141078671488,3793.953605278574,17,1,5,68,Benign
80,82058,11,159.6273088942886,2931.666452201033,17,4,9,20,Botnet
80,68978,22,580.2370849789884,4531.3628974699,17,0,6,92,Benign
80,41946,22,376.80283860981046,4105.298451799936,17,1,2,72,Benign
53,76032,43,333.95797199469155,3809.5357620232644,17,0,5,59,Benign
21,17582,25,254.16427589438032,372.46705623425703,17,4,2,64,Benign
53,23511,22,952.4997802706952,133.70201487628162,6,1,6,87,DDoS
21,51075,28,1182.9166908335924,1140.9916582578176,17,4,6,28,Botnet
53,60645,29,888.5326791595229,3351.265610175916,6,2,7,41,Benign
53,78897,13,263.095928902904,2114.8676955244746,6,4,1,37,PortScan
22,52407,18,1226.129466403533,2071.7906705666273,6,2,8,95,Benign
53,3193,2,972.1343253874063,4434.475752325107,6,1,4,62,Benign
443,77358,29,612.8402738841435,4488.25795584601,17,2,8,58,Benign
22,22142,21,1027.4889285272911,4554.95879386257,17,1,9,92,Benign
53,53030,15,426.86221990210765,1638.0025749236338,17,1,4,25,Benign
80,44513,27,550.5287023166052,3486.1734824223827,6,3,6,67,PortScan
443,93723,31,1380.3544725413858,1431.0025882444113,17,1,8,26,Benign
443,97983,15,471.23153322355955,1033.9881820648038,17,2,3,99,Botnet
443,33856,23,731.482988829008,1004.6990410021092,17,3,1,88,DDoS
22,53368,24,1340.7046492242212,1776.3273422316108,6,3,8,35,Benign
53,39314,44,1076.1959578879148,2206.792336921126,6,1,1,20,Benign
53,81971,13,140.19467793881898,4171.650938169835,17,4,2,56,Benign
80,28702,22,263.58941420450697,687.4663580162893,6,4,9,56,Botnet
80,53431,43,61.37030661927939,3701.1366522349817,6,3,1,83,Benign
443,49001,37,964.8365958322869,2704.1290795275963,17,1,2,81,Benign
80,63516,33,699.1264668451066,1510.9321791123632,6,4,5,91,Benign
22,32296,3,244.69853380829952,2514.8159642108403,6,1,2,80,Benign
53,5726,19,1439.0044755323172,1569.716141907411,17,1,9,52,Benign
443,7524,23,818.0065997211489,3020.8015806676995,6,3,7,85,Benign
80,12957,29,400.7452764636893,2225.8352219906965,6,3,5,49,Benign
22,20082,30,775.8751781743259,905.5870924865058,6,0,6,39,Benign
22,77061,39,1035.4494824659064,671.257065322914,6,4,0,79,Benign
80,2080,44,160.54686606166848,2778.8088421534376,6,4,2,93,Benign
53,48390,47,448.3205318194434,4521.823863101907,6,4,2,43,Benign
80,26531,25,1220.0999617817906,1785.392664132659,6,2,1,23,Benign
443,85076,37,716.5140620838588,3691.7005253908537,6,1,6,56,Benign
80,82811,47,842.5368559468276,3327.440639204858,17,3,8,23,Benign
22,26485,8,677.5832032037304,4664.619080116457,17,4,3,96,Benign
80,38258,42,113.65491683235743,4122.80698476579,17,0,4,96,Benign
53,23119,16,290.3371807392261,2876.3657686367687,17,4,2,37,Benign
21,18739,8,696.0353761757418,3319.4494413471257,6,1,8,85,Benign
80,85630,1,353.31892484149535,4502.093686261771,17,1,3,67,Benign
53,21663,44,122.46959155653417,2057.6420444759806,17,3,4,52,PortScan
53,39441,5,1273.2920128751443,1701.2940587031092,6,2,0,77,DDoS
22,5876,3,1472.729167287968,152.97430981246205,6,3,1,92,DDoS
53,36544,1,1200.0571672952722,4150.100263538175,6,4,8,47,DDoS
53,69016,4,1287.9881364717671,4024.805431976488,6,0,1,54,Benign
53,8811,40,400.8668389597158,611.8271386907418,6,3,4,29,Benign
53,74418,35,1442.9091144941397,2926.6011675502314,17,2,7,84,Benign
443,83070,32,335.54227145747114,2373.510321017748,6,3,2,61,Benign
443,85653,42,1429.5732250246567,681.6745679946462,17,1,5,28,Benign
22,30807,34,1492.487976250629,4904.784312597545,17,4,3,79,DDoS
80,39210,43,1081.9980683317706,1152.0098485704416,6,4,6,34,Benign
53,61888,25,1472.6584110981419,429.4474824437496,17,4,9,76,Benign
80,82979,10,875.8326803723003,3014.752159559357,17,4,2,88,Benign
80,38927,21,426.335585605331,3720.44671795186,6,4,5,41,Benign
22,5755,46,683.6440342151502,258.9728856312161,17,4,9,83,Benign
53,44959,39,910.6633562992397,3327.7164297624086,17,0,8,60,PortScan
53,53725,27,155.96826493917172,2708.230192162127,17,2,9,90,Benign
21,52198,27,952.3977336950069,605.9985434877372,6,4,0,75,DDoS
80,15351,2,1472.707863305327,945.3669970371741,6,2,2,42,Benign
80,626,41,325.65609218640503,2883.0740568487945,6,4,1,44,PortScan
443,68860,48,1199.2629186181557,1552.152306215113,17,3,7,25,Benign
21,47937,13,1366.453250980448,4697.747070391449,6,4,6,53,Benign
443,11636,9,1418.3673095893203,4111.827124471849,17,1,1,82,Benign
443,28641,36,1442.1966263878985,4919.479311916949,6,0,5,28,DDoS
443,79183,22,806.1164761461343,1372.3871108570286,17,3,2,79,Botnet
22,51127,42,1467.0964665876804,4851.645800710087,6,3,7,68,Benign
22,34631,26,1148.0998003449363,2213.0459619786334,6,1,9,70,Benign
443,8812,12,284.42358254359476,1802.8420970373977,17,4,2,79,Botnet
21,65555,17,741.5051543785564,346.7126821498309,6,0,9,89,Benign
80,74844,14,1091.5802042894059,358.54976351205283,17,3,8,56,Benign
21,5209,14,408.64345793767086,3490.8551541386078,6,0,0,50,Benign
53,49368,34,978.8920161458867,2343.852072726737,6,3,4,60,Benign
22,54715,20,1016.5706946175978,1209.955967576918,17,4,2,81,DDoS
80,82603,11,285.91462852242057,3108.45450099364,17,3,5,77,DDoS
80,29859,16,869.3737030564967,1339.0047794255447,17,3,9,33,Benign
53,85808,31,1168.859020918981,2930.3955962876707,6,2,1,55,Benign
53,60212,6,773.3987135771158,1860.1228602151828,17,4,8,55,PortScan
443,26689,19,67.54951932535576,4135.405910397913,6,1,5,98,Benign
22,30115,37,63.10578016497366,4121.411187757219,17,1,6,27,PortScan
22,29109,4,567.6925487565177,2439.0169507997666,17,4,4,45,Benign
21,83409,47,1392.9813992260838,1819.0136357415763,17,1,8,55,Benign
443,62146,4,381.5813304252327,1876.5430031395633,17,4,0,67,Botnet
443,26243,20,969.8273488639463,4048.0011757742677,17,1,4,47,Benign
443,6254,10,372.0100125053148,1708.0794657082988,17,2,9,87,Benign
443,21904,24,516.4214850063455,1124.3909311635455,6,1,5,81,Benign
22,41788,35,1279.6610299221518,514.9728751890034,17,3,6,99,Benign
22,64388,26,1106.849091291423,2386.7962923336013,6,4,3,95,Benign
443,51295,37,188.3289521041554,2462.447284707225,17,0,0,99,Botnet
21,20681,38,671.6179304303288,4220.452680974245,17,0,7,70,DDoS
80,52748,21,92.29615728563348,1184.0696125857135,17,4,9,61,Benign
80,30187,40,747.290712574363,1966.8572409751596,6,2,3,48,Benign
21,50030,39,1010.5293169665487,4061.1881205790855,6,1,2,29,Benign
443,33081,21,221.82880421731977,4135.755692669971,17,2,6,58,Benign
22,69398,10,468.88316141829023,1984.5942722959642,6,0,1,20,Benign
80,46267,38,626.8631069781276,2349.707714104736,17,4,7,58,DDoS
53,75404,46,1383.319985751272,1586.1008651614864,17,4,5,40,Benign
53,43508,4,1490.2197723632978,4669.518904254629,6,2,6,84,PortScan
21,39599,45,115.12138354364299,681.3544521337435,6,2,4,34,Benign
443,52369,20,1153.4614890683185,4675.372172707203,6,1,8,23,Benign
80,38659,17,588.9998962833977,3450.9456139931817,6,3,4,79,Benign
443,74419,7,619.0643700327461,2704.7035481649827,17,3,4,80,Benign
80,95417,4,1143.684211353183,260.02939784402975,6,1,2,39,Benign
21,96447,29,1381.7183266108425,2430.4213399278406,6,3,0,29,Botnet
21,48887,14,1428.8464620286952,2097.965714513388,17,0,1,53,Benign
53,35588,3,886.8277497555652,889.9721786781005,6,3,7,67,Botnet
443,74541,24,567.825680985729,3316.407057153219,6,1,0,52,Benign
53,74763,37,1191.94617449523,4858.6394461046,6,3,6,80,Botnet
443,22531,16,413.9520057303354,2854.725174216173,6,4,4,29,Benign
53,61781,4,867.9073418086008,3602.2910545753343,17,2,2,73,Botnet
22,63583,24,569.9387692110661,435.4072175734822,17,0,6,84,Benign
22,49253,34,1002.1150568764203,2146.5682795032744,6,4,8,96,DDoS
22,6468,30,398.578423695585,670.1565773060298,6,4,1,20,Botnet
22,27524,18,327.80977131549736,3102.699594128901,17,1,7,24,Benign
80,45104,19,1381.4466756793838,4698.562575249358,6,2,8,99,Benign
22,83969,31,197.6153402768285,3342.710889111029,6,2,2,34,Benign
21,88752,19,783.638966215651,476.3349367406655,6,0,1,47,Botnet
21,57085,49,370.23653529636294,1837.8644044269058,6,1,6,42,Benign
80,50169,46,106.4484468222178,2798.2505592601724,6,0,4,36,Benign
22,52426,19,102.22728652256826,2075.718005052936,6,3,4,32,Benign
22,81161,22,304.07156955344965,4184.855651328344,6,4,9,33,Benign
22,23498,24,1306.8170140337004,4091.887923078947,6,0,4,30,PortScan
53,98493,45,459.59417876668863,3097.971998505785,6,4,3,47,Benign
443,50961,12,1428.1657973341787,1929.9439311502558,17,1,4,61,Benign
53,75997,30,893.3523248343306,1351.1482314398963,17,3,3,80,Botnet
443,82005,38,683.0905751647108,618.7841592443336,17,1,5,83,Benign
22,68677,31,891.1288102707092,1838.9986490841147,6,3,3,50,Benign
22,65741,36,799.2126585780883,2124.5453343178256,6,3,1,92,Benign
53,9178,19,1150.2255679481216,3411.5323330099604,17,4,8,29,Benign
53,25103,48,459.61929566063577,3324.98313905811,6,1,1,27,Benign
443,62868,45,561.9230678204385,443.529884242159,17,1,8,40,DDoS
21,51147,36,1346.4367386732135,2036.7706456126732,6,0,9,96,Benign
443,71726,30,1422.361944068088,990.7164493650733,17,1,5,78,Benign
53,57760,49,1344.209429855388,868.3822560523479,17,0,8,69,Benign
53,49886,33,658.1995912381047,4153.780533712505,17,2,8,88,Benign
80,2025,18,1181.5299793599784,305.3845619096619,6,2,2,89,DDoS
53,84076,49,740.6868132865933,2153.9960919203945,17,2,0,49,Benign
80,26115,28,771.4327856118482,924.1979132559392,6,1,0,36,Benign
21,33420,47,346.78615813306175,4408.718056824523,6,1,2,94,Benign
443,64981,11,907.1389397248489,2829.4985150476723,6,0,4,39,Benign
443,90927,45,319.8970517423545,1233.7651182465554,6,3,2,67,Benign
80,26389,33,530.768813647431,2561.8937071152445,6,0,8,92,Benign
443,3489,17,1289.793792348906,3684.2831625452677,6,2,8,21,Benign
53,25783,6,350.25992335574006,4794.778243705226,6,0,2,56,DDoS
22,13729,4,153.17951350147757,1180.1854208025527,17,3,2,20,Benign
80,61650,20,150.06100928858365,4442.290683433791,17,1,4,23,PortScan
443,24926,48,1414.1375547295065,4678.090159420703,17,0,1,73,PortScan
80,26730,47,785.0346350446601,4590.460668207124,6,2,5,44,Benign
80,98862,27,643.6475041346765,3213.5303486233583,6,2,6,22,Benign
22,46263,15,1225.7739424614817,3186.1212067300676,6,1,8,28,Benign
53,98611,6,1261.9475954702482,2075.7321026007317,6,0,5,95,Benign
80,66535,47,531.6769980176266,3786.7496232885605,17,3,2,93,DDoS
443,11753,14,1055.746183337003,2703.3406899195666,6,1,4,53,Benign
21,28061,11,1168.1280829852356,3419.446549018643,17,0,3,62,Benign
80,82041,39,999.243495955634,2199.4437288590975,6,4,4,93,Benign
80,74237,9,269.81285846014407,3684.3326738113815,17,2,7,41,Benign
22,33762,26,1320.0304710997327,4139.91043626229,6,3,7,89,Benign
53,98918,16,831.6871014672126,817.537657353799,17,3,5,21,DDoS
21,56546,5,459.58501823650533,4181.355606313717,6,3,0,85,Benign
443,21388,10,666.5808688846562,2747.4530057725055,17,2,7,51,DDoS
21,95181,3,104.4780810784157,4238.862954542099,6,0,7,35,Benign
443,36977,13,235.40686177250547,2213.3783610709716,17,1,1,95,Benign
53,15413,43,1160.0427882479983,1957.2983783768716,17,0,3,20,Benign
443,80985,49,50.016870395280904,4583.79758933439,6,1,1,91,Benign
22,72815,30,654.0204512993237,1330.7294109871664,17,3,3,67,Benign
22,10426,45,807.6397625741032,4236.640393902101,6,0,9,69,PortScan
22,1660,6,129.21990900140983,2471.70080529608,6,3,6,32,PortScan
22,79248,17,1460.9633363098826,2619.0676685011726,6,4,8,34,Benign
21,83286,45,377.88173031202433,1611.4945792984718,17,3,7,72,Benign
53,26845,19,491.08814347260727,2907.906783033177,17,3,8,63,Benign
443,31990,42,490.71664276978964,1693.5348617534355,6,1,7,27,PortScan
443,20122,35,384.1041600701574,292.42012978409633,6,4,1,93,Benign
22,52679,46,52.13704202515155,1432.7931661873447,17,3,6,65,Botnet
22,70416,26,1107.5499514275948,131.25731269229433,17,3,1,88,Benign
80,83947,5,1451.9259747089638,4893.938456578598,17,4,1,38,Benign
53,28480,29,375.2255507633153,4832.161328116763,6,4,3,57,Botnet
21,2456,37,1011.4184281149625,2036.2609576142947,6,0,0,30,Benign
443,70426,20,1125.749674090137,3669.0171862642655,6,1,4,62,Benign
80,92547,49,1280.216799681261,1794.4498822110825,6,4,5,39,Benign
80,89999,21,662.8123356697332,3388.356469721283,6,4,8,39,Benign
443,20149,10,489.2498131786224,4046.6072109252977,17,2,9,40,Benign
21,75817,5,521.6779443333951,4739.10559899198,6,4,7,76,Benign
80,16182,36,1083.3009329928436,2061.040151663393,17,1,1,69,DDoS
80,761,6,1234.3302264331724,3938.160116484634,17,3,0,93,Benign
53,37512,26,313.34025324707386,1403.049408097382,6,3,1,45,Botnet
21,3020,4,587.8644618287595,4952.628288588877,17,3,6,49,Benign
80,91294,39,1357.8132852862675,226.2710339453206,6,3,3,92,Benign
21,60415,39,1219.705603557372,3057.2911518554924,17,2,9,50,Benign
443,79661,35,1478.04468400559,3331.579310091503,6,4,4,61,Benign
22,9046,1,1143.6599765390172,3471.4232296632313,6,3,6,87,Benign
80,94342,24,620.1330414904872,689.8991360665361,17,0,2,80,Botnet
53,45600,36,906.4248592922247,4698.795939018339,6,3,9,80,Benign
443,16409,6,1008.4706686586144,987.7980673454057,17,4,1,89,Benign
21,55330,41,163.76093365982973,3151.491675875221,6,3,6,97,Benign
443,98756,46,839.5205907006044,1191.1127877031163,6,2,4,87,DDoS
80,30127,44,1078.5152012852839,1605.3604434042275,6,1,0,36,PortScan
21,72641,31,292.61589080153755,2777.646854467809,17,1,0,38,Benign
22,59421,20,1181.9159902670579,2144.247750966425,17,4,8,70,Benign
443,1056,24,896.4705317454618,885.1054447848808,6,1,4,89,Benign
80,74231,25,1430.7215892615122,937.5883718621566,17,1,0,82,Benign
53,48008,36,111.51233239999296,2148.909461997718,6,0,6,94,Benign
21,78439,21,434.7228994554271,3810.6865935499536,17,4,8,99,Benign
443,26063,30,922.2531249847449,4500.026769554164,17,4,0,49,Benign
443,39543,24,480.0118726985995,512.2255450709758,6,1,9,44,Benign
22,99359,44,1085.9150379033013,2026.209147041065,6,1,3,94,Benign
22,39163,42,1150.5576596567998,591.2032622420954,6,1,2,90,Botnet
53,80918,30,198.64814789638797,181.30315509972962,6,2,4,45,Botnet
53,4803,22,795.0889730998132,3342.4215449553876,6,3,6,75,Benign
80,65228,28,787.8913056070311,3052.0022656362803,17,2,7,41,Benign
80,72199,7,585.4571168125345,898.7936576929424,17,4,1,38,Benign
53,25949,35,1402.7410507260245,1245.682882156014,6,0,6,50,Benign
53,31960,28,1249.8841638161707,216.16799285814005,6,3,0,45,DDoS
21,31685,14,1060.9536037689732,4191.241307902578,6,0,6,61,Benign
22,22115,10,1085.7736218157465,4875.983920637902,17,4,7,60,PortScan
80,77639,16,719.4884085290226,763.7517302939849,6,4,1,42,Botnet
22,43685,16,1385.442055590035,1234.2285474499608,6,0,8,66,Benign
22,27058,31,1057.1633695172638,4355.206667339977,17,0,0,32,Benign
53,26117,42,1107.0225394009337,4639.672609985306,17,0,5,85,Benign
21,76807,25,1299.4518104916506,2156.1741757533705,17,4,0,85,Benign
443,45450,13,447.40380454617696,348.0501141184632,17,1,2,35,Benign
21,12301,6,1220.2528106067193,293.01998509481507,6,0,5,92,Benign
21,29526,44,333.09887428691343,2912.3543437381513,17,3,2,47,PortScan
22,17878,9,550.7458307550874,2025.1860335765773,17,4,7,96,Benign
21,45341,45,536.635158691272,240.39689513050712,6,2,4,54,Benign
80,42329,36,1468.8619291642538,2957.936722331528,6,2,1,60,Benign
22,86752,43,1291.978974434494,155.3824292862101,6,3,3,96,Benign
80,48464,20,1066.6962993058767,3958.1225949314376,17,1,8,50,Benign
443,98933,18,1104.2323043423157,1601.5208312465206,6,0,3,51,PortScan
22,84978,43,865.005551883728,297.26421474523727,17,4,9,73,Benign
443,57156,21,1423.2814673073526,2982.925882817451,17,0,9,91,Benign
22,27590,4,769.5751916794243,2048.653630721968,17,4,7,78,Benign
53,20075,33,601.7506793113471,4871.622025450032,6,2,4,60,Benign
21,26823,27,286.40123855080697,2766.5734462681407,17,0,9,85,PortScan
53,23379,7,1189.9981957785342,1448.6719870813406,6,3,0,73,Benign
443,78401,6,1114.9437015096075,3576.250436706476,6,1,6,59,PortScan
21,11661,15,607.3148058599955,1430.3108124592854,6,3,2,47,Benign
22,66161,18,86.53045024088257,4530.792127897069,17,1,9,56,Benign
21,88497,32,1266.5461251911156,1936.1376554861445,17,0,7,84,Benign
80,49253,11,66.55607600840676,2794.3559576034054,17,0,2,93,Benign
21,33242,20,1070.364680462124,347.8082087387214,6,1,0,74,Benign
80,27016,24,1456.8728091027826,2187.994065965931,17,2,4,23,DDoS
21,64424,15,684.608925814895,4178.581344338875,17,4,1,29,Benign
80,45065,48,390.7114372441315,4047.6791462803753,17,3,3,66,Benign
443,4748,7,1072.0629645629035,1199.1609383822786,17,3,0,94,Benign
53,35233,21,1234.8358059225984,1207.787447951757,17,3,8,33,Benign
22,50777,42,842.3239583128786,4104.79602984486,6,0,5,57,Benign
21,96159,26,1452.201149121412,4658.952258829695,6,3,7,31,Benign
53,94688,44,124.9196464040436,567.2685142377175,6,4,3,64,Benign
22,98417,14,781.9536175415658,2305.287333188504,6,4,8,36,Benign
22,70235,37,1091.7582236176977,1753.525966924722,17,1,1,99,Benign
80,35146,21,1300.8286831663095,4366.373431741453,6,0,8,54,Benign
443,47164,18,309.92063726629556,509.27208193209196,17,4,4,85,Benign
443,69450,5,1210.0050485573381,1134.5171185343834,6,2,5,94,Benign
53,45993,3,851.4252597918907,3787.094854173822,6,0,2,60,Botnet
443,61372,23,625.0028388854466,351.33986000795636,6,0,3,86,Benign
21,92252,26,240.98679143968567,2513.4233655000176,17,4,5,48,Benign
443,67749,37,1304.678850417923,2266.324469930628,17,2,6,37,Benign
53,64774,24,278.04615186058726,1738.5657770448684,6,1,0,39,Benign
443,13860,49,499.1923958531939,2033.4043450627266,17,4,6,33,PortScan
21,22027,19,470.56602134553344,2696.7088759581416,6,2,0,53,Benign
80,86575,25,1313.5503495767387,890.7000561030773,6,0,4,68,Botnet
53,61467,21,1025.419341602902,2902.7798035896044,6,2,5,73,PortScan
80,98055,12,1205.18802592749,4046.6184135699327,17,0,1,50,Benign
80,12688,41,413.1784532491235,3824.7885559717793,6,4,9,77,Benign
80,52333,33,956.0674444301484,854.1095329994911,6,4,8,61,Benign
22,44838,4,879.0316755584356,831.3224017332221,6,3,9,77,Benign
22,33497,42,1257.6040463429931,1414.0544019500753,17,3,5,49,Benign
80,82289,7,1363.8262376978278,1869.2661590710823,6,3,6,44,Benign
53,76467,22,67.62731864221087,2101.4323489015646,17,4,9,82,Benign
21,71360,33,1027.3288826352493,3430.5163624833917,6,1,7,38,Benign
21,76719,17,125.16190872360708,377.7341176125935,17,4,9,91,Benign
443,19916,24,845.8450643621661,269.8962507077253,6,2,0,27,PortScan
53,42340,34,467.0674571133334,2020.3617584251542,6,4,7,22,Benign
22,6376,28,494.8260693071047,3516.1020914761043,17,4,3,86,PortScan
80,79630,43,561.7898300059171,1047.8331804867646,17,0,9,36,Benign
443,23599,41,950.8740511219347,3243.3719581556334,6,0,7,33,Benign
21,88676,39,534.3724502197153,1373.1578759074673,17,0,5,28,Benign
22,82595,22,1112.4136233559066,4441.82193318623,6,4,8,81,Benign
22,71735,49,636.5647090821111,4488.880726906421,6,1,3,40,Benign
80,85212,17,149.11214044944,1556.7073009784997,6,2,1,95,Benign
21,36046,34,1186.4517716019554,1226.9693944198784,17,2,1,56,PortScan
53,55304,6,464.3495706594237,2115.389463124533,6,1,4,30,Benign
22,51986,46,677.5119754189308,1278.6047673827288,17,1,9,39,Benign
80,71752,6,1043.8936306717574,3394.680832129348,6,2,8,54,PortScan
53,15663,34,532.0614278656324,4147.7169542865995,17,3,2,72,DDoS
21,92424,1,132.04920141273766,3398.151441464963,17,0,7,66,Benign
22,92564,10,592.1855181685797,4139.317191521812,6,0,3,94,Benign
53,9947,21,1419.45044490674,2045.2615948166233,17,2,5,71,PortScan
53,26255,5,980.5148760829094,865.9531564734182,6,1,9,27,Benign
53,79771,2,1023.64476556745,3715.9596422482014,6,3,5,23,Benign
22,83410,22,966.8091227745778,1866.325075193614,6,2,2,46,Benign
22,67378,48,338.53860149118333,3389.227043622749,6,0,4,63,PortScan
443,18409,2,656.5841029483062,1426.1553157106518,6,4,2,59,Benign
21,719,10,1138.8627076268115,498.0252105526961,17,1,0,66,Botnet
80,83294,34,196.99070145208077,4963.650797890041,6,4,6,63,Benign
53,50208,16,452.8865253300828,865.3873888599364,17,2,3,67,DDoS
443,34807,48,450.6627072754877,4943.262870421057,17,0,6,71,Benign
80,20437,39,676.4274450120337,4888.671669575591,6,3,2,87,Benign
443,81637,22,1471.5346743661682,3989.708709149394,17,4,4,30,PortScan
22,66604,12,147.8786926915418,3331.172514201788,6,3,4,96,Benign
53,47714,24,802.1164418518628,2931.254546230315,17,0,1,92,Benign
80,91528,47,310.07878891770514,4343.8975723513895,17,4,9,23,Benign
80,91255,40,1457.4809908441289,1518.253655935491,17,3,1,95,Benign
80,381,38,214.2900818548231,2391.6379411758976,6,3,3,92,Benign
80,27520,10,635.2214534243074,3135.0108498958593,17,4,3,96,Benign
80,80996,35,1119.933228010179,2114.8333317605066,6,0,3,67,Benign
443,39130,49,1071.6039206397957,2194.683625042313,17,3,5,45,Benign
53,1158,32,662.9565234962017,1718.3948707602135,17,2,1,96,Benign
22,86313,7,552.4600435314414,2864.7359017542267,17,4,5,58,Benign
22,76360,21,626.5379489016623,4267.815187274068,17,1,6,77,DDoS
22,28504,20,433.20058158002695,1087.4890522309329,6,1,9,38,Benign
22,29956,26,347.73276112485973,4678.721889891863,6,0,2,96,Benign
443,9300,4,750.4075614603905,3476.5295033663256,17,2,7,96,Botnet
21,64278,46,439.3739462980306,4134.038742132148,17,3,1,77,Benign
53,34097,22,466.8194141010127,2825.334393887057,6,1,7,47,PortScan
80,25711,15,1002.2962920381077,3919.631836977911,6,0,4,85,PortScan
21,41335,40,1454.3791309648436,179.38194696338934,6,2,1,29,DDoS
22,35157,21,925.2739408110939,4110.064081419723,6,2,6,96,Benign
21,1339,15,161.6202272442011,296.68040951829596,17,0,1,77,PortScan
53,65761,22,159.5962400883971,4460.575544178027,17,0,5,92,DDoS
80,45372,28,1429.5636702260706,4960.617461469352,6,3,9,33,Benign
80,89493,14,481.07164594563375,1540.9305646662112,6,0,2,34,Benign
53,61312,27,183.4971298195894,1130.560925800389,6,3,8,52,Benign
53,15498,41,918.6146513680533,3850.2804829043994,6,3,2,36,Benign
22,56603,40,954.2907285208859,1339.8290705092409,6,4,2,43,Benign
80,6738,28,990.3319891720978,4341.255677543797,6,2,4,49,Benign
21,6670,26,437.7329403934349,603.9287015716359,17,2,6,81,Benign
443,68885,49,71.9104921109888,717.1804622588554,17,2,7,32,Benign
443,9210,2,1449.272285708984,4897.842619993016,17,4,6,81,Benign
53,79241,25,413.79491625209863,3401.810601523023,6,3,8,66,Benign
22,12215,3,1030.2381176761937,4249.747399701869,6,3,4,35,Botnet
443,39162,8,1074.613311324129,1689.2139490224383,6,0,9,85,Benign
80,23011,44,934.5107547652542,3414.7703726509617,17,4,2,62,Benign
53,32656,33,503.7157216097899,3011.7849538121263,6,0,5,27,Benign
21,78231,42,443.0895679578954,3055.4355886024405,6,4,4,22,Benign
53,2069,35,916.6190099189195,3444.409051734836,17,0,3,31,DDoS
21,43853,6,1305.8386687369527,2919.259948332583,6,1,1,35,Botnet
53,82911,39,1422.7639069389236,2202.4056095830633,17,2,6,97,Benign
53,4570,23,203.56341638544856,1452.0212024646796,17,2,4,99,Botnet
53,10325,25,274.50148826669374,3866.04852147469,6,3,3,78,Benign
21,23296,43,1419.8675752354654,1208.7349070156124,17,1,7,68,Benign
21,13769,19,1117.9760810854493,3492.5361001566293,6,2,8,82,Benign
53,37480,5,1330.341046003171,1243.3308309817005,17,3,8,81,PortScan
443,48420,11,343.8173194962476,3164.117832776824,6,1,2,68,Benign
22,47514,12,901.9995131086326,3760.6835089322417,17,2,2,70,Benign
22,15677,10,1066.6524119053367,1171.6980556420422,6,0,4,52,PortScan
22,88109,8,1036.1622338981103,393.7221742204106,17,4,4,49,Benign
21,55509,24,641.8199517567123,741.771340671453,17,1,9,78,Benign
21,28725,28,72.32259295239729,3069.3851396280247,17,3,1,95,PortScan
443,81140,41,895.2427823661816,4262.287390506104,6,1,0,34,Benign
22,24189,36,416.9972318104327,320.4844240535794,6,3,7,42,Benign
22,36587,37,702.8686569071909,3697.3411693040666,17,1,2,97,Benign
53,65938,21,1438.4924718715351,1772.4613651552554,6,3,0,64,Benign
21,97099,8,628.6012105815304,2444.7890126056604,17,2,0,81,Benign
22,94895,9,1267.7123296634188,4651.411794243271,6,0,1,98,Benign
443,50238,47,323.38387833641417,1726.6603732056428,17,2,5,90,Benign
443,42923,15,1025.0677221362916,2380.1509763034815,6,0,5,34,Benign
22,37308,48,1466.660083936468,167.0438323273374,17,2,2,65,PortScan
21,54161,46,197.74499626575835,499.833728023708,17,2,3,83,Botnet
443,30759,40,62.063916229428415,1367.0987965604418,17,1,1,65,Benign
53,31990,18,678.6950493172908,236.47598002326458,17,4,1,75,Benign
443,79234,42,184.30695042448244,3193.73909763643,6,3,6,63,Botnet
80,47155,20,1135.1573070305355,2189.3519483279506,17,3,0,94,Benign
80,19608,6,1376.0955625804104,2785.911493367308,6,3,6,48,Benign
21,42387,12,679.3304104277003,955.7712108920148,6,0,0,81,Botnet
22,79016,2,425.1318811253894,1550.066944239419,17,3,5,71,DDoS
